[
    {
        "bitDepth": 0,
        "cropFactor": 6.639281055118109,
        "diagonal": 6.521790483115753,
        "format": "4:3",
        "height": 3.93,
        "horizontalPixels": 8192,
        "inchSize": "1/2,76",
        "manufacture": "Samsung",
        "name": "S5KJN5",
        "other": "Isocell Version 3.0",
        "pattern": "",
        "pixelSize": 0.64,
        "releaseYear": 2024,
        "resolution": 50331648,
        "sensitivity": 1,
        "sensorArea": 20.62,
        "verticalPixels": 6144,
        "width": 5.24
    },
    {
        "bitDepth": 0,
        "cropFactor": 4.22175,
        "diagonal": 10.256410256410255,
        "format": "4:3",
        "height": 6.14,
        "horizontalPixels": 8192,
        "inchSize": "1/1,56",
        "manufacture": "Samsung",
        "name": "S5KGNJ",
        "other": "Isocell Version 3.0",
        "pattern": "",
        "pixelSize": 1,
        "releaseYear": 2024,
        "resolution": 50331648,
        "sensitivity": 1,
        "sensorArea": 50.33,
        "verticalPixels": 6144,
        "width": 8.19
    },
    {
        "bitDepth": 0,
        "cropFactor": 3.518125,
        "diagonal": 12.307692307692307,
        "format": "4:3",
        "height": 7.37,
        "horizontalPixels": 8160,
        "inchSize": "1/1,3",
        "manufacture": "Samsung",
        "name": "S5KGNK",
        "other": "Isocell Version 3.0",
        "pattern": "",
        "pixelSize": 1.2,
        "releaseYear": 2023,
        "resolution": 50135040,
        "sensitivity": 1,
        "sensorArea": 72.19,
        "verticalPixels": 6144,
        "width": 9.79
    },
    {
        "bitDepth": 0,
        "cropFactor": 3.78875,
        "diagonal": 11.428571428571429,
        "format": "4:3",
        "height": 6.88,
        "horizontalPixels": 16320,
        "inchSize": "1/1,4",
        "manufacture": "Samsung",
        "name": "S5KHP9",
        "other": "Isocell Version 3.0",
        "pattern": "",
        "pixelSize": 0.56,
        "releaseYear": 2024,
        "resolution": 200540160,
        "sensitivity": 1,
        "sensorArea": 62.89,
        "verticalPixels": 12288,
        "width": 9.14
    },
    {
        "bitDepth": 0,
        "cropFactor": 3.518125,
        "diagonal": 12.307692307692307,
        "format": "4:3",
        "height": 7.37,
        "horizontalPixels": 16384,
        "inchSize": "1/1,3",
        "manufacture": "Samsung",
        "name": "S5KHP2",
        "other": "Isocell Version 3.0",
        "pattern": "",
        "pixelSize": 0.6,
        "releaseYear": 2023,
        "resolution": 201326592,
        "sensitivity": 1,
        "sensorArea": 72.48,
        "verticalPixels": 12288,
        "width": 9.83
    },
    {
        "bitDepth": 0,
        "cropFactor": 3.78875,
        "diagonal": 11.428571428571429,
        "format": "4:3",
        "height": 6.88,
        "horizontalPixels": 16320,
        "inchSize": "1/1,4",
        "manufacture": "Samsung",
        "name": "S5KHPX",
        "other": "Isocell Version 3.0",
        "pattern": "",
        "pixelSize": 0.56,
        "releaseYear": 2022,
        "resolution": 200540160,
        "sensitivity": 1,
        "sensorArea": 62.89,
        "verticalPixels": 12288,
        "width": 9.14
    },
    {
        "bitDepth": 0,
        "cropFactor": 3.78875,
        "diagonal": 11.428571428571429,
        "format": "4:3",
        "height": 6.88,
        "horizontalPixels": 16320,
        "inchSize": "1/1,4",
        "manufacture": "Samsung",
        "name": "S5KHP3",
        "other": "Isocell Version 3.0",
        "pattern": "",
        "pixelSize": 0.56,
        "releaseYear": 2022,
        "resolution": 200540160,
        "sensitivity": 1,
        "sensorArea": 62.89,
        "verticalPixels": 12288,
        "width": 9.14
    },
    {
        "bitDepth": 0,
        "cropFactor": 3.3016249999999996,
        "diagonal": 13.114754098360656,
        "format": "4:3",
        "height": 7.86,
        "horizontalPixels": 16384,
        "inchSize": "1/1,22",
        "manufacture": "Samsung",
        "name": "S5KHP1",
        "other": "Isocell Version 2.0",
        "pattern": "",
        "pixelSize": 0.64,
        "releaseYear": 2021,
        "resolution": 201326592,
        "sensitivity": 1,
        "sensorArea": 82.46,
        "verticalPixels": 12288,
        "width": 10.49
    },
    {
        "bitDepth": 0,
        "cropFactor": 4.5194374999999996,
        "diagonal": 9.580838323353294,
        "format": "4:3",
        "height": 5.76,
        "horizontalPixels": 12000,
        "inchSize": "1/1,67",
        "manufacture": "Samsung",
        "name": "S5KHM6",
        "other": "Isocell Version 2.0",
        "pattern": "",
        "pixelSize": 0.64,
        "releaseYear": 2022,
        "resolution": 108000000,
        "sensitivity": 1,
        "sensorArea": 44.24,
        "verticalPixels": 9000,
        "width": 7.68
    },
    {
        "bitDepth": 0,
        "cropFactor": 6.134118366141732,
        "diagonal": 7.058879111137049,
        "format": "4:3",
        "height": 4.23,
        "horizontalPixels": 8064,
        "inchSize": "1/2,55",
        "manufacture": "Samsung",
        "name": "S5KGM5",
        "other": "Isocell Version 2.0",
        "pattern": "",
        "pixelSize": 0.7,
        "releaseYear": 2020,
        "resolution": 48771072,
        "sensitivity": 1,
        "sensorArea": 23.9,
        "verticalPixels": 6048,
        "width": 5.64
    },
    {
        "bitDepth": 0,
        "cropFactor": 6.639281055118109,
        "diagonal": 6.521790483115753,
        "format": "4:3",
        "height": 3.93,
        "horizontalPixels": 8160,
        "inchSize": "1/2,76",
        "manufacture": "Samsung",
        "name": "S5KJN1",
        "other": "Isocell Version 2.0",
        "pattern": "",
        "pixelSize": 0.64,
        "releaseYear": 2021,
        "resolution": 50135040,
        "sensitivity": 1,
        "sensorArea": 20.54,
        "verticalPixels": 6144,
        "width": 5.22
    },
    {
        "bitDepth": 0,
        "cropFactor": 4.2488125,
        "diagonal": 10.19108280254777,
        "format": "4:3",
        "height": 6.14,
        "horizontalPixels": 8160,
        "inchSize": "1/1,57",
        "manufacture": "Samsung",
        "name": "S5KGN3",
        "other": "Isocell Version 2.0",
        "pattern": "",
        "pixelSize": 1,
        "releaseYear": 2022,
        "resolution": 50135040,
        "sensitivity": 1,
        "sensorArea": 50.14,
        "verticalPixels": 6144,
        "width": 8.16
    },
    {
        "bitDepth": 0,
        "cropFactor": 4.2488125,
        "diagonal": 10.19108280254777,
        "format": "4:3",
        "height": 6.14,
        "horizontalPixels": 8160,
        "inchSize": "1/1,57",
        "manufacture": "Samsung",
        "name": "S5KGN5",
        "other": "Isocell Version 2.0",
        "pattern": "",
        "pixelSize": 1,
        "releaseYear": 2022,
        "resolution": 50135040,
        "sensitivity": 1,
        "sensorArea": 50.14,
        "verticalPixels": 6144,
        "width": 8.16
    },
    {
        "bitDepth": 0,
        "cropFactor": 3.5993125,
        "diagonal": 12.030075187969924,
        "format": "4:3",
        "height": 7.2,
        "horizontalPixels": 12000,
        "inchSize": "1/1,33",
        "manufacture": "Samsung",
        "name": "S5KHM3",
        "other": "Isocell Version 1.1",
        "pattern": "",
        "pixelSize": 0.8,
        "releaseYear": 2021,
        "resolution": 108000000,
        "sensitivity": 1,
        "sensorArea": 69.12,
        "verticalPixels": 9000,
        "width": 9.6
    },
    {
        "bitDepth": 0,
        "cropFactor": 4.113499999999999,
        "diagonal": 10.526315789473685,
        "format": "4:3",
        "height": 6.3,
        "horizontalPixels": 12000,
        "inchSize": "1/1,52",
        "manufacture": "Samsung",
        "name": "S5KHM2",
        "other": "Isocell Version 1.1",
        "pattern": "",
        "pixelSize": 0.7,
        "releaseYear": 2020,
        "resolution": 108000000,
        "sensitivity": 1,
        "sensorArea": 52.92,
        "verticalPixels": 9000,
        "width": 8.4
    },
    {
        "bitDepth": 0,
        "cropFactor": 3.5993125,
        "diagonal": 12.030075187969924,
        "format": "4:3",
        "height": 7.2,
        "horizontalPixels": 12000,
        "inchSize": "1/1,33",
        "manufacture": "Samsung",
        "name": "S5KHM1",
        "other": "Isocell Version 1.1",
        "pattern": "",
        "pixelSize": 0.8,
        "releaseYear": 2020,
        "resolution": 108000000,
        "sensitivity": 1,
        "sensorArea": 69.12,
        "verticalPixels": 9000,
        "width": 9.6
    },
    {
        "bitDepth": 0,
        "cropFactor": 3.5993125,
        "diagonal": 12.030075187969924,
        "format": "4:3",
        "height": 7.22,
        "horizontalPixels": 12032,
        "inchSize": "1/1,33",
        "manufacture": "Samsung",
        "name": "S5KHMX",
        "other": "Isocell Version 1.1",
        "pattern": "",
        "pixelSize": 0.8,
        "releaseYear": 2019,
        "resolution": 108576768,
        "sensitivity": 1,
        "sensorArea": 69.49,
        "verticalPixels": 9024,
        "width": 9.63
    },
    {
        "bitDepth": 0,
        "cropFactor": 4.600625,
        "diagonal": 9.411764705882353,
        "format": "4:3",
        "height": 5.56,
        "horizontalPixels": 9280,
        "inchSize": "1/1,7",
        "manufacture": "Samsung",
        "name": "S5KGWB",
        "other": "Isocell Version 1.1",
        "pattern": "",
        "pixelSize": 0.8,
        "releaseYear": 2021,
        "resolution": 64440320,
        "sensitivity": 1,
        "sensorArea": 41.24,
        "verticalPixels": 6944,
        "width": 7.42
    },
    {
        "bitDepth": 0,
        "cropFactor": 5.3313125,
        "diagonal": 8.121827411167512,
        "format": "4:3",
        "height": 4.86,
        "horizontalPixels": 9280,
        "inchSize": "1/1,97",
        "manufacture": "Samsung",
        "name": "S5KGW3",
        "other": "Isocell Version 2.0",
        "pattern": "",
        "pixelSize": 0.7,
        "releaseYear": 2020,
        "resolution": 64440320,
        "sensitivity": 1,
        "sensorArea": 31.58,
        "verticalPixels": 6944,
        "width": 6.5
    },
    {
        "bitDepth": 0,
        "cropFactor": 4.654749999999999,
        "diagonal": 9.30232558139535,
        "format": "4:3",
        "height": 5.56,
        "horizontalPixels": 9280,
        "inchSize": "1/1,72",
        "manufacture": "Samsung",
        "name": "S5KGW2",
        "other": "Isocell Version 1.1",
        "pattern": "",
        "pixelSize": 0.8,
        "releaseYear": 2020,
        "resolution": 64440320,
        "sensitivity": 1,
        "sensorArea": 41.24,
        "verticalPixels": 6944,
        "width": 7.42
    },
    {
        "bitDepth": 0,
        "cropFactor": 4.654749999999999,
        "diagonal": 9.30232558139535,
        "format": "4:3",
        "height": 5.56,
        "horizontalPixels": 9280,
        "inchSize": "1/1,72",
        "manufacture": "Samsung",
        "name": "S5KGW1",
        "other": "Isocell Version 1.1",
        "pattern": "",
        "pixelSize": 0.8,
        "releaseYear": 2019,
        "resolution": 64440320,
        "sensitivity": 1,
        "sensorArea": 41.24,
        "verticalPixels": 6944,
        "width": 7.42
    },
    {
        "bitDepth": 0,
        "cropFactor": 3.5451875,
        "diagonal": 12.213740458015266,
        "format": "4:3",
        "height": 7.37,
        "horizontalPixels": 8160,
        "inchSize": "1/1,31",
        "manufacture": "Samsung",
        "name": "S5KGN1",
        "other": "Isocell Version 1.1",
        "pattern": "",
        "pixelSize": 1.2,
        "releaseYear": 2020,
        "resolution": 50135040,
        "sensitivity": 1,
        "sensorArea": 72.19,
        "verticalPixels": 6144,
        "width": 9.79
    },
    {
        "bitDepth": 0,
        "cropFactor": 3.031,
        "diagonal": 14.285714285714285,
        "format": "4:3",
        "height": 8.6,
        "horizontalPixels": 8160,
        "inchSize": "1/1,12",
        "manufacture": "Samsung",
        "name": "S5KGN2",
        "other": "Isocell Version 1.1",
        "pattern": "",
        "pixelSize": 1.4,
        "releaseYear": 2021,
        "resolution": 50135040,
        "sensitivity": 1,
        "sensorArea": 98.26,
        "verticalPixels": 6144,
        "width": 11.42
    },
    {
        "bitDepth": 0,
        "cropFactor": 4.2488125,
        "diagonal": 10.19108280254777,
        "format": "4:3",
        "height": 6.14,
        "horizontalPixels": 8160,
        "inchSize": "1/1,57",
        "manufacture": "Samsung",
        "name": "S5KGN9",
        "other": "Isocell Version 3.0",
        "pattern": "",
        "pixelSize": 1,
        "releaseYear": 2023,
        "resolution": 50135040,
        "sensitivity": 1,
        "sensorArea": 50.14,
        "verticalPixels": 6144,
        "width": 8.16
    },
    {
        "bitDepth": 0,
        "cropFactor": 6.134118366141732,
        "diagonal": 7.058879111137049,
        "format": "4:3",
        "height": 4.23,
        "horizontalPixels": 8064,
        "inchSize": "1/2,55",
        "manufacture": "Samsung",
        "name": "S5KGM5",
        "other": "Isocell Version 2.0",
        "pattern": "",
        "pixelSize": 0.7,
        "releaseYear": 2020,
        "resolution": 48771072,
        "sensitivity": 1,
        "sensorArea": 23.9,
        "verticalPixels": 6048,
        "width": 5.64
    },
    {
        "bitDepth": 0,
        "cropFactor": 5.4125,
        "diagonal": 8,
        "format": "4:3",
        "height": 4.8,
        "horizontalPixels": 8000,
        "inchSize": "1/2,0",
        "manufacture": "Samsung",
        "name": "S5KGM2",
        "other": "Isocell Version 1.1",
        "pattern": "",
        "pixelSize": 0.8,
        "releaseYear": 2019,
        "resolution": 48000000,
        "sensitivity": 1,
        "sensorArea": 30.72,
        "verticalPixels": 6000,
        "width": 6.4
    },
    {
        "bitDepth": 0,
        "cropFactor": 5.4125,
        "diagonal": 8,
        "format": "4:3",
        "height": 4.8,
        "horizontalPixels": 8000,
        "inchSize": "1/2,0",
        "manufacture": "Samsung",
        "name": "S5KGM1",
        "other": "Isocell Version 1.1",
        "pattern": "",
        "pixelSize": 0.8,
        "releaseYear": 2018,
        "resolution": 48000000,
        "sensitivity": 1,
        "sensorArea": 30.72,
        "verticalPixels": 6000,
        "width": 6.4
    },
    {
        "bitDepth": 0,
        "cropFactor": 5.277187499999999,
        "diagonal": 8.205128205128206,
        "format": "4:3",
        "height": 4.92,
        "horizontalPixels": 8192,
        "inchSize": "1/1,95",
        "manufacture": "Samsung",
        "name": "S5KGN8",
        "other": "Isocell Version 3.0",
        "pattern": "",
        "pixelSize": 0.8,
        "releaseYear": 2024,
        "resolution": 50331648,
        "sensitivity": 1,
        "sensorArea": 32.21,
        "verticalPixels": 6144,
        "width": 6.55
    },
    {
        "bitDepth": 0,
        "cropFactor": 7.553384968503938,
        "diagonal": 5.732529214458431,
        "format": "4:3",
        "height": 3.44,
        "horizontalPixels": 6560,
        "inchSize": "1/3,14",
        "manufacture": "Samsung",
        "name": "S5KJD1",
        "other": "Isocell Version 2.0",
        "pattern": "",
        "pixelSize": 0.7,
        "releaseYear": 2020,
        "resolution": 32275200,
        "sensitivity": 1,
        "sensorArea": 15.81,
        "verticalPixels": 4920,
        "width": 4.59
    },
    {
        "bitDepth": 0,
        "cropFactor": 8.226935220472441,
        "diagonal": 5.263199337251308,
        "format": "4:3",
        "height": 3.15,
        "horizontalPixels": 6560,
        "inchSize": "1/3,42",
        "manufacture": "Samsung",
        "name": "S5KKD1",
        "other": "Isocell Version 3.0",
        "pattern": "",
        "pixelSize": 0.64,
        "releaseYear": 2024,
        "resolution": 32327680,
        "sensitivity": 1,
        "sensorArea": 13.24,
        "verticalPixels": 4928,
        "width": 4.2
    },
    {
        "bitDepth": 0,
        "cropFactor": 7.69771716535433,
        "diagonal": 5.625044291687336,
        "format": "4:3",
        "height": 3.36,
        "horizontalPixels": 4000,
        "inchSize": "1/3,2",
        "manufacture": "Samsung",
        "name": "S5K3LU",
        "other": "Isocell Version 3.0",
        "pattern": "",
        "pixelSize": 1.12,
        "releaseYear": 2024,
        "resolution": 12000000,
        "sensitivity": 1,
        "sensorArea": 15.05,
        "verticalPixels": 3000,
        "width": 4.48
    },
    {
        "bitDepth": 0,
        "cropFactor": 6.0138415354330705,
        "diagonal": 7.20005669335979,
        "format": "4:3",
        "height": 4.320034016015874,
        "horizontalPixels": 8164,
        "inchSize": "1/2,52",
        "manufacture": "Samsung",
        "name": "S5KJN3",
        "other": "",
        "pattern": "",
        "pixelSize": 0.7,
        "releaseYear": 2010,
        "resolution": 49988172,
        "sensitivity": 1,
        "sensorArea": 24.88359186604565,
        "verticalPixels": 6123,
        "width": 5.760045354687831
    },
    {
        "bitDepth": 0,
        "cropFactor": 2.652125,
        "diagonal": 16.3265306122449,
        "format": "4:3",
        "height": 9.795918367346939,
        "horizontalPixels": 8164,
        "inchSize": "1/0,98",
        "manufacture": "Sony",
        "name": "LYT-900",
        "other": "",
        "pattern": "",
        "pixelSize": 1.6,
        "releaseYear": 2010,
        "resolution": 49988172,
        "sensitivity": 1,
        "sensorArea": 127.9466888796335,
        "verticalPixels": 6123,
        "width": 13.061224489795919
    },
    {
        "bitDepth": 0,
        "cropFactor": 3.464,
        "diagonal": 12.5,
        "format": "4:3",
        "height": 7.5,
        "horizontalPixels": 8164,
        "inchSize": "1/1,28",
        "manufacture": "Sony",
        "name": "LYT-818",
        "other": "",
        "pattern": "",
        "pixelSize": 1.224889759921607,
        "releaseYear": 2010,
        "resolution": 49988172,
        "sensitivity": 1,
        "sensorArea": 75,
        "verticalPixels": 6123,
        "width": 10
    },
    {
        "bitDepth": 0,
        "cropFactor": 3.8699374999999994,
        "diagonal": 11.18881118881119,
        "format": "4:3",
        "height": 6.713286713286713,
        "horizontalPixels": 8164,
        "inchSize": "1/1,43",
        "manufacture": "Sony",
        "name": "LYT-808",
        "other": "",
        "pattern": "",
        "pixelSize": 1.09640482006969,
        "releaseYear": 2010,
        "resolution": 49988172,
        "sensitivity": 1,
        "sensorArea": 60.09095799305589,
        "verticalPixels": 6123,
        "width": 8.95104895104895
    },
    {
        "bitDepth": 0,
        "cropFactor": 3.8699374999999994,
        "diagonal": 11.18881118881119,
        "format": "4:3",
        "height": 6.713286713286713,
        "horizontalPixels": 8405,
        "inchSize": "1/1,43",
        "manufacture": "Sony",
        "name": "LYT-800",
        "other": "",
        "pattern": "",
        "pixelSize": 1.064967156579292,
        "releaseYear": 2010,
        "resolution": 52985120,
        "sensitivity": 1,
        "sensorArea": 60.09095799305589,
        "verticalPixels": 6304,
        "width": 8.95104895104895
    },
    {
        "bitDepth": 0,
        "cropFactor": 4.22175,
        "diagonal": 10.256410256410255,
        "format": "4:3",
        "height": 6.153846153846153,
        "horizontalPixels": 8164,
        "inchSize": "1/1,56",
        "manufacture": "Sony",
        "name": "LYT-701 (IMX890)",
        "other": "",
        "pattern": "",
        "pixelSize": 1.0050377517305493,
        "releaseYear": 2010,
        "resolution": 49988172,
        "sensitivity": 1,
        "sensorArea": 50.49309664694279,
        "verticalPixels": 6123,
        "width": 8.205128205128204
    },
    {
        "bitDepth": 0,
        "cropFactor": 4.22175,
        "diagonal": 10.256410256410255,
        "format": "4:3",
        "height": 6.153846153846153,
        "horizontalPixels": 8164,
        "inchSize": "1/1,56",
        "manufacture": "Sony",
        "name": "LYT-700",
        "other": "",
        "pattern": "",
        "pixelSize": 1.0050377517305493,
        "releaseYear": 2010,
        "resolution": 49988172,
        "sensitivity": 1,
        "sensorArea": 50.49309664694279,
        "verticalPixels": 6123,
        "width": 8.205128205128204
    },
    {
        "bitDepth": 0,
        "cropFactor": 5.28530625,
        "diagonal": 8.19252432155658,
        "format": "4:3",
        "height": 4.915514592933947,
        "horizontalPixels": 8164,
        "inchSize": "1/1.953",
        "manufacture": "Sony",
        "name": "LYT-600 (IMX882)",
        "other": "",
        "pattern": "",
        "pixelSize": 0.802795131950669,
        "releaseYear": 2010,
        "resolution": 49988172,
        "sensitivity": 1,
        "sensorArea": 32.21637828446212,
        "verticalPixels": 6123,
        "width": 6.554019457245262
    },
    {
        "bitDepth": 0,
        "cropFactor": 7.048222279527559,
        "diagonal": 6.1433930830714925,
        "format": "4:3",
        "height": 3.686035849842895,
        "horizontalPixels": 8164,
        "inchSize": "1/2,93",
        "manufacture": "Sony",
        "name": "LYT-500",
        "other": "",
        "pattern": "",
        "pixelSize": 0.6019983422902001,
        "releaseYear": 2010,
        "resolution": 49988172,
        "sensitivity": 1,
        "sensorArea": 18.11581371510271,
        "verticalPixels": 6123,
        "width": 4.914714466457193
    },
    {
        "bitDepth": 0,
        "cropFactor": 2.70625,
        "diagonal": 16,
        "format": "4:3",
        "height": 9.6,
        "horizontalPixels": 8164,
        "inchSize": "1/1",
        "manufacture": "Sony",
        "name": "IMX989",
        "other": "",
        "pattern": "",
        "pixelSize": 1.5678588926996568,
        "releaseYear": 2010,
        "resolution": 49988172,
        "sensitivity": 1,
        "sensorArea": 122.87999999999998,
        "verticalPixels": 6123,
        "width": 12.799999999999999
    },
    {
        "bitDepth": 0,
        "cropFactor": 6.134118366141732,
        "diagonal": 7.058879111137049,
        "format": "4:3",
        "height": 4.23532746668223,
        "horizontalPixels": 8000,
        "inchSize": "1/2,55",
        "manufacture": "Sony",
        "name": "IMX972",
        "other": "",
        "pattern": "",
        "pixelSize": 0.7058879111137049,
        "releaseYear": 2010,
        "resolution": 48000000,
        "sensitivity": 1,
        "sensorArea": 23.91733166671055,
        "verticalPixels": 6000,
        "width": 5.647103288909639
    },
    {
        "bitDepth": 0,
        "cropFactor": 7.360942039370079,
        "diagonal": 5.882399259280874,
        "format": "4:3",
        "height": 3.529439555568524,
        "horizontalPixels": 4000,
        "inchSize": "1/3,06",
        "manufacture": "Sony",
        "name": "IMX913",
        "other": "",
        "pattern": "",
        "pixelSize": 1.1764798518561745,
        "releaseYear": 2010,
        "resolution": 12000000,
        "sensitivity": 1,
        "sensorArea": 16.609258101882318,
        "verticalPixels": 3000,
        "width": 4.705919407424698
    },
    {
        "bitDepth": 0,
        "cropFactor": 4.22175,
        "diagonal": 10.256410256410255,
        "format": "4:3",
        "height": 6.153846153846153,
        "horizontalPixels": 8164,
        "inchSize": "1/1,56",
        "manufacture": "Sony",
        "name": "IMX906",
        "other": "",
        "pattern": "",
        "pixelSize": 1.0050377517305493,
        "releaseYear": 2010,
        "resolution": 49988172,
        "sensitivity": 1,
        "sensorArea": 50.49309664694279,
        "verticalPixels": 6123,
        "width": 8.205128205128204
    },
    {
        "bitDepth": 0,
        "cropFactor": 3.518125,
        "diagonal": 12.307692307692307,
        "format": "4:3",
        "height": 7.384615384615383,
        "horizontalPixels": 8000,
        "inchSize": "1/1,3",
        "manufacture": "Sony",
        "name": "IMX903",
        "other": "",
        "pattern": "",
        "pixelSize": 1.2307692307692304,
        "releaseYear": 2010,
        "resolution": 48000000,
        "sensitivity": 1,
        "sensorArea": 72.71005917159759,
        "verticalPixels": 6000,
        "width": 9.846153846153843
    },
    {
        "bitDepth": 0,
        "cropFactor": 3.78875,
        "diagonal": 11.428571428571429,
        "format": "4:3",
        "height": 6.857142857142857,
        "horizontalPixels": 8000,
        "inchSize": "1/1,4",
        "manufacture": "Sony",
        "name": "IMX888",
        "other": "",
        "pattern": "",
        "pixelSize": 1.125,
        "releaseYear": 2010,
        "resolution": 48000000,
        "sensitivity": 1,
        "sensorArea": 62.6938775510204,
        "verticalPixels": 6000,
        "width": 9.142857142857142
    },
    {
        "bitDepth": 0,
        "cropFactor": 6.037896901574803,
        "diagonal": 7.171371208525687,
        "format": "4:3",
        "height": 4.302822725115412,
        "horizontalPixels": 8164,
        "inchSize": "1/2,51",
        "manufacture": "Sony",
        "name": "IMX858",
        "other": "",
        "pattern": "",
        "pixelSize": 0.7027311326335802,
        "releaseYear": 2010,
        "resolution": 49988172,
        "sensitivity": 1,
        "sensorArea": 24.68571120502616,
        "verticalPixels": 6123,
        "width": 5.737096966820549
    },
    {
        "bitDepth": 0,
        "cropFactor": 6.061952267716535,
        "diagonal": 7.142913386269633,
        "format": "4:3",
        "height": 4.28574803176178,
        "horizontalPixels": 8164,
        "inchSize": "1/2,52",
        "manufacture": "Sony",
        "name": "IMX854",
        "other": "",
        "pattern": "",
        "pixelSize": 0.6999425170278915,
        "releaseYear": 2010,
        "resolution": 49988172,
        "sensitivity": 1,
        "sensorArea": 24.490181588999956,
        "verticalPixels": 6123,
        "width": 5.714330709015706
    },
    {
        "bitDepth": 0,
        "cropFactor": 7.048222279527559,
        "diagonal": 6.1433930830714925,
        "format": "4:3",
        "height": 3.686035849842895,
        "horizontalPixels": 8164,
        "inchSize": "1/2,93",
        "manufacture": "Sony",
        "name": "IMX816",
        "other": "",
        "pattern": "",
        "pixelSize": 0.6019983422902001,
        "releaseYear": 2010,
        "resolution": 49988172,
        "sensitivity": 1,
        "sensorArea": 18.11581371510271,
        "verticalPixels": 6123,
        "width": 4.914714466457193
    },
    {
        "bitDepth": 0,
        "cropFactor": 3.6534375,
        "diagonal": 11.851851851851851,
        "format": "4:3",
        "height": 7.111111111111111,
        "horizontalPixels": 8325,
        "inchSize": "1/1,35",
        "manufacture": "Sony",
        "name": "IMX789",
        "other": "",
        "pattern": "",
        "pixelSize": 1.12,
        "releaseYear": 2021,
        "resolution": 51981300,
        "sensitivity": 1,
        "sensorArea": 67.4238683127572,
        "verticalPixels": 6244,
        "width": 9.481481481481481
    },
    {
        "bitDepth": 0,
        "cropFactor": 4.22175,
        "diagonal": 10.256410256410255,
        "format": "4:3",
        "height": 6.153846153846153,
        "horizontalPixels": 8164,
        "inchSize": "1/1,56",
        "manufacture": "Sony",
        "name": "IMX766",
        "other": "",
        "pattern": "",
        "pixelSize": 1.0050377517305493,
        "releaseYear": 2010,
        "resolution": 49988172,
        "sensitivity": 1,
        "sensorArea": 50.49309664694279,
        "verticalPixels": 6123,
        "width": 8.205128205128204
    },
    {
        "bitDepth": 0,
        "cropFactor": 8.467488881889764,
        "diagonal": 5.113676628806669,
        "format": "4:3",
        "height": 3.068205977284001,
        "horizontalPixels": 3651,
        "inchSize": "1/3,52",
        "manufacture": "Sony",
        "name": "IMX754",
        "other": "",
        "pattern": "",
        "pixelSize": 1.120498850464348,
        "releaseYear": 2010,
        "resolution": 9996438,
        "sensitivity": 1,
        "sensorArea": 12.551850558721696,
        "verticalPixels": 2738,
        "width": 4.0909413030453345
    },
    {
        "bitDepth": 0,
        "cropFactor": 8.659931811023622,
        "diagonal": 5.000039370388743,
        "format": "4:3",
        "height": 3.0000236222332455,
        "horizontalPixels": 4000,
        "inchSize": "1/3,6",
        "manufacture": "Sony",
        "name": "IMX714",
        "other": "",
        "pattern": "",
        "pixelSize": 1.0000078740777485,
        "releaseYear": 2010,
        "resolution": 12000000,
        "sensitivity": 1,
        "sensorArea": 12.000188978609977,
        "verticalPixels": 3000,
        "width": 4.000031496310994
    },
    {
        "bitDepth": 0,
        "cropFactor": 3.464,
        "diagonal": 12.5,
        "format": "4:3",
        "height": 7.5,
        "horizontalPixels": 8164,
        "inchSize": "1/1,28",
        "manufacture": "Sony",
        "name": "IMX707",
        "other": "",
        "pattern": "",
        "pixelSize": 1.22,
        "releaseYear": 2010,
        "resolution": 49988172,
        "sensitivity": 1,
        "sensorArea": 75,
        "verticalPixels": 6123,
        "width": 10
    },
    {
        "bitDepth": 0,
        "cropFactor": 3.464,
        "diagonal": 12.5,
        "format": "4:3",
        "height": 7.5,
        "horizontalPixels": 8325,
        "inchSize": "1/1,28",
        "manufacture": "Sony",
        "name": "IMX700",
        "other": "",
        "pattern": "",
        "pixelSize": 1.2012012012012012,
        "releaseYear": 2010,
        "resolution": 51981300,
        "sensitivity": 1,
        "sensorArea": 75,
        "verticalPixels": 6244,
        "width": 10
    },
    {
        "bitDepth": 0,
        "cropFactor": 8.419378149606299,
        "diagonal": 5.142897638114135,
        "format": "4:3",
        "height": 3.085738582868481,
        "horizontalPixels": 4000,
        "inchSize": "1/3,5",
        "manufacture": "Sony",
        "name": "IMX650",
        "other": "",
        "pattern": "",
        "pixelSize": 1.028579527622827,
        "releaseYear": 2010,
        "resolution": 12000000,
        "sensitivity": 1,
        "sensorArea": 12.695710135737574,
        "verticalPixels": 3000,
        "width": 4.114318110491308
    },
    {
        "bitDepth": 0,
        "cropFactor": 7.048222279527559,
        "diagonal": 6.1433930830714925,
        "format": "4:3",
        "height": 3.686035849842895,
        "horizontalPixels": 4000,
        "inchSize": "1/2,93",
        "manufacture": "Sony",
        "name": "IMX663",
        "other": "",
        "pattern": "",
        "pixelSize": 1.2286786166142982,
        "releaseYear": 2010,
        "resolution": 12000000,
        "sensitivity": 1,
        "sensorArea": 18.11581371510271,
        "verticalPixels": 3000,
        "width": 4.914714466457193
    },
    {
        "bitDepth": 0,
        "cropFactor": 6.591170322834646,
        "diagonal": 6.569394793211487,
        "format": "4:3",
        "height": 3.941636875926892,
        "horizontalPixels": 6531,
        "inchSize": "1/2,74",
        "manufacture": "Sony",
        "name": "IMX615",
        "other": "",
        "pattern": "",
        "pixelSize": 0.8047030829228585,
        "releaseYear": 2010,
        "resolution": 31988838,
        "sensitivity": 1,
        "sensorArea": 20.71533501555561,
        "verticalPixels": 4898,
        "width": 5.255515834569189
    },
    {
        "bitDepth": 0,
        "cropFactor": 5.4125,
        "diagonal": 8,
        "format": "4:3",
        "height": 4.8,
        "horizontalPixels": 8000,
        "inchSize": "1/2,0",
        "manufacture": "Sony",
        "name": "IMX586",
        "other": "",
        "pattern": "",
        "pixelSize": 0.7999999999999999,
        "releaseYear": 2010,
        "resolution": 48000000,
        "sensitivity": 1,
        "sensorArea": 30.719999999999995,
        "verticalPixels": 6000,
        "width": 6.3999999999999995
    },
    {
        "bitDepth": 0,
        "cropFactor": 6.136621315192744,
        "diagonal": 7.055999999999999,
        "format": "4:3",
        "height": 4.233599999999999,
        "horizontalPixels": 4032,
        "inchSize": "1/2,5",
        "manufacture": "Sony",
        "name": "IMX563",
        "other": "",
        "pattern": "",
        "pixelSize": 1.4,
        "releaseYear": 2010,
        "resolution": 12192768,
        "sensitivity": 1,
        "sensorArea": 23.897825279999992,
        "verticalPixels": 3024,
        "width": 5.644799999999999
    },
    {
        "bitDepth": 0,
        "cropFactor": 4.22175,
        "diagonal": 10.256410256410255,
        "format": "4:3",
        "height": 6.153846153846153,
        "horizontalPixels": 8164,
        "inchSize": "1/1,56",
        "manufacture": "Sony",
        "name": "IMX890",
        "other": "",
        "pattern": "",
        "pixelSize": 1.0050377517305493,
        "releaseYear": 2010,
        "resolution": 49988172,
        "sensitivity": 1,
        "sensorArea": 50.49309664694279,
        "verticalPixels": 6123,
        "width": 8.205128205128204
    },
    {
        "bitDepth": 0,
        "cropFactor": 6.591170322834646,
        "diagonal": 6.569394793211487,
        "format": "4:3",
        "height": 3.941636875926892,
        "horizontalPixels": 6531,
        "inchSize": "1/2,74",
        "manufacture": "Sony",
        "name": "LYT-506",
        "other": "",
        "pattern": "",
        "pixelSize": 0.8047030829228585,
        "releaseYear": 2010,
        "resolution": 31988838,
        "sensitivity": 1,
        "sensorArea": 20.71533501555561,
        "verticalPixels": 4898,
        "width": 5.255515834569189
    },
    {
        "bitDepth": 0,
        "cropFactor": 6.927945448818898,
        "diagonal": 6.250049212985928,
        "format": "4:3",
        "height": 3.799296,
        "horizontalPixels": 8192,
        "inchSize": "1/2,88",
        "manufacture": "Omnivision",
        "name": "OV50D40",
        "other": "Light Hunter 400",
        "pattern": "",
        "pixelSize": 0.612,
        "releaseYear": 2010,
        "resolution": 50331648,
        "sensitivity": 1,
        "sensorArea": 18.750295279078088,
        "verticalPixels": 6144,
        "width": 5.052672
    },
    {
        "bitDepth": 0,
        "cropFactor": 4.600625,
        "diagonal": 9.411764705882353,
        "format": "4:3",
        "height": 5.647058823529412,
        "horizontalPixels": 7360,
        "inchSize": "1/1,7",
        "manufacture": "Omnivision",
        "name": "OV40A",
        "other": "",
        "pattern": "",
        "pixelSize": 1.008,
        "releaseYear": 2010,
        "resolution": 40509440,
        "sensitivity": 1,
        "sensorArea": 42.51903114186852,
        "verticalPixels": 5504,
        "width": 7.529411764705882
    },
    {
        "bitDepth": 0,
        "cropFactor": 4.1946875,
        "diagonal": 10.32258064516129,
        "format": "4:3",
        "height": 6.225408,
        "horizontalPixels": 8192,
        "inchSize": "1/1,55",
        "manufacture": "Omnivision",
        "name": "OV50E",
        "other": "Light Hunter 800",
        "pattern": "",
        "pixelSize": 1.008,
        "releaseYear": 2010,
        "resolution": 50331648,
        "sensitivity": 1,
        "sensorArea": 51.14672216441207,
        "verticalPixels": 6144,
        "width": 8.289792
    },
    {
        "bitDepth": 0,
        "cropFactor": 5.4125,
        "diagonal": 8,
        "format": "4:3",
        "height": 4.897152,
        "horizontalPixels": 9264,
        "inchSize": "1/2,0",
        "manufacture": "Omnivision",
        "name": "OV64B",
        "other": "",
        "pattern": "",
        "pixelSize": 0.702,
        "releaseYear": 2010,
        "resolution": 64329216,
        "sensitivity": 1,
        "sensorArea": 30.719999999999995,
        "verticalPixels": 6944,
        "width": 6.51456
    },
    {
        "bitDepth": 0,
        "cropFactor": 6.663336421259841,
        "diagonal": 6.498246113140605,
        "format": "4:3",
        "height": 3.937248,
        "horizontalPixels": 4656,
        "inchSize": "1/2,77",
        "manufacture": "Omnivision",
        "name": "OV16E1Q",
        "other": "",
        "pattern": "",
        "pixelSize": 1.116,
        "releaseYear": 2010,
        "resolution": 16268064,
        "sensitivity": 1,
        "sensorArea": 20.26905722253455,
        "verticalPixels": 3494,
        "width": 5.231808
    },
    {
        "bitDepth": 0,
        "cropFactor": 7.553384968503938,
        "diagonal": 5.732529214458431,
        "format": "4:3",
        "height": 3.459456,
        "horizontalPixels": 6528,
        "inchSize": "1/3.14",
        "manufacture": "Omnivision",
        "name": "OV32B",
        "other": "",
        "pattern": "",
        "pixelSize": 0.702,
        "releaseYear": 2010,
        "resolution": 31961088,
        "sensitivity": 1,
        "sensorArea": 15.773707773417307,
        "verticalPixels": 4896,
        "width": 4.60512
    },
    {
        "bitDepth": 0,
        "cropFactor": 5.4125,
        "diagonal": 8,
        "format": "4:3",
        "height": 4.831632,
        "horizontalPixels": 8000,
        "inchSize": "1/2",
        "manufacture": "Omnivision",
        "name": "OV48B",
        "other": "",
        "pattern": "",
        "pixelSize": 0.801,
        "releaseYear": 2010,
        "resolution": 48000000,
        "sensitivity": 1,
        "sensorArea": 30.719999999999995,
        "verticalPixels": 6000,
        "width": 6.433632
    },
    {
        "bitDepth": 0,
        "cropFactor": 3.518125,
        "diagonal": 12.307692307692307,
        "format": "4:3",
        "height": 7.430976,
        "horizontalPixels": 8192,
        "inchSize": "1/1.3",
        "manufacture": "Omnivision",
        "name": "OV50H",
        "other": "",
        "pattern": "",
        "pixelSize": 1.197,
        "releaseYear": 2010,
        "resolution": 50331648,
        "sensitivity": 1,
        "sensorArea": 72.71005917159759,
        "verticalPixels": 6144,
        "width": 9.844128
    },
    {
        "bitDepth": 0,
        "cropFactor": 6.591170322834646,
        "diagonal": 6.569394793211487,
        "format": "4:3",
        "height": 3.941636875926892,
        "horizontalPixels": 6531,
        "inchSize": "1/2,74",
        "manufacture": "Sony",
        "name": "IMX809",
        "other": "",
        "pattern": "",
        "pixelSize": 0.8,
        "releaseYear": 2010,
        "resolution": 31988838,
        "sensitivity": 1,
        "sensorArea": 20.71533501555561,
        "verticalPixels": 4898,
        "width": 5.255515834569189
    },
    {
        "bitDepth": 10,
        "cropFactor": 6.134118366141732,
        "diagonal": 7.058879111137049,
        "format": "4:3",
        "height": 4.2,
        "horizontalPixels": 4000,
        "inchSize": "1/2,55",
        "manufacture": "Sony",
        "name": "IMX564",
        "other": "filledByInchSize",
        "pattern": "RGGB",
        "pixelSize": 1.4,
        "releaseYear": 2023,
        "resolution": 12000000,
        "sensitivity": 1,
        "sensorArea": 23.91733166671055,
        "verticalPixels": 3000,
        "width": 5.6
    },
    {
        "bitDepth": 10,
        "cropFactor": 9.47781425984252,
        "diagonal": 4.568563891725755,
        "format": "4:3",
        "height": 2.7,
        "horizontalPixels": 3600,
        "inchSize": "1/3,94",
        "manufacture": "Samsung",
        "name": "S5K3K1",
        "other": "filledByInchSize",
        "pattern": "RGGB",
        "pixelSize": 1,
        "releaseYear": 2022,
        "resolution": 9720000,
        "sensitivity": 1,
        "sensorArea": 10.018452495734577,
        "verticalPixels": 2700,
        "width": 3.6
    },
    {
        "bitDepth": 10,
        "cropFactor": 4.762999999999999,
        "diagonal": 9.090909090909092,
        "format": "4:3",
        "height": 5.4,
        "horizontalPixels": 4000,
        "inchSize": "1/1,76",
        "manufacture": "Sony",
        "name": "IMX555",
        "other": "filledByInchSize",
        "pattern": "RGGB",
        "pixelSize": 1.8,
        "releaseYear": 2020,
        "resolution": 12000000,
        "sensitivity": 1,
        "sensorArea": 39.669421487603316,
        "verticalPixels": 3000,
        "width": 7.2
    },
    {
        "bitDepth": 10,
        "cropFactor": 7.793938629921261,
        "diagonal": 5.555599300431936,
        "format": "4:3",
        "height": 3.3855,
        "horizontalPixels": 3700,
        "inchSize": "1/3,24",
        "manufacture": "Sony",
        "name": "IMX374",
        "other": "filledByInchSize",
        "pattern": "RGGB",
        "pixelSize": 1.22,
        "releaseYear": 2020,
        "resolution": 10267500,
        "sensitivity": 1,
        "sensorArea": 14.815048121740707,
        "verticalPixels": 2775,
        "width": 4.514
    },
    {
        "bitDepth": 10,
        "cropFactor": 6.374672027559055,
        "diagonal": 6.76938,
        "format": "29:20",
        "height": 3.836,
        "horizontalPixels": 7968,
        "inchSize": "1/2,65",
        "manufacture": "Samsung",
        "name": "S5KGH1",
        "other": "",
        "pattern": "RGB",
        "pixelSize": 0.7,
        "releaseYear": 2020,
        "resolution": 43664640,
        "sensitivity": 1,
        "sensorArea": 21.3956736,
        "verticalPixels": 5480,
        "width": 5.5776
    },
    {
        "bitDepth": 10,
        "cropFactor": 7.216609842519686,
        "diagonal": 6.000047244466491,
        "format": "4:3",
        "height": 3.6000283466798946,
        "horizontalPixels": 3976,
        "inchSize": "1/3",
        "manufacture": "Samsung",
        "name": "S5K3J1",
        "other": "",
        "pattern": "RGB",
        "pixelSize": 1.22,
        "releaseYear": 2020,
        "resolution": 10878336,
        "sensitivity": 1,
        "sensorArea": 17.280272129198366,
        "verticalPixels": 2736,
        "width": 4.800037795573193
    }
]
